,A>C,A>G,A>T,C>A,C>G,C>T,G>A,G>C,G>T,T>A,T>C,T>G
1,506688,992478,519135,709626,490659,3624796,3544352,490587,1155272,519324,987046,515151
10,322448,564286,315547,413281,244157,1906541,1927278,247699,552768,318249,562307,319637
11,398632,683717,365927,523401,322837,2441786,2418411,322363,820432,364845,686906,395712
12,347352,673551,358106,476312,322641,2410165,2385264,316708,744905,355278,668729,350003
13,195714,330164,191250,223662,125041,1052896,1053148,125584,278788,192433,327447,194028
14,234593,446327,242740,309217,218261,1561010,1527805,215166,487092,243552,449113,245425
15,190282,372968,188805,268975,176784,1314479,1321495,178608,417315,189564,378075,191837
16,217469,404631,211463,337224,216723,1745872,1700262,215390,583841,212108,401994,222303
17,177682,396095,182816,323207,247985,1625976,1621459,239507,639085,179468,394596,179670
18,199074,351900,198748,249027,144544,1308377,1278140,147488,315995,199793,352167,200031
19,169699,343832,162753,314039,221167,1606809,1600049,220745,636764,166644,344774,176831
2,621142,1133493,623310,801421,503055,3817889,3789142,495406,1145731,633934,1142315,638822
20,124228,239074,125208,184318,125133,1042398,1034671,125135,290499,121820,233836,124134
21,86790,156683,88087,111551,69929,585508,578604,68242,158505,85302,156243,90444
22,65844,149200,65576,117541,90149,640029,640028,89652,225460,65662,144466,65826
3,528982,982644,542404,664817,426946,3418191,3410248,436770,967503,544757,987372,535478
4,470663,829110,503917,571729,317541,2782633,2789347,314200,715000,495837,836232,469693
5,431484,787825,447095,553342,322967,2693190,2716267,328073,760676,443274,770131,432512
6,372791,679430,371784,467253,299353,2273996,2260045,299706,623330,369589,676357,371726
7,442000,792294,442856,563683,351627,2800921,2803272,351847,773101,435021,786219,438842
8,447558,754936,441598,557947,327113,2606668,2645620,330699,692856,443288,754716,444625
9,206850,396831,207330,291243,193855,1354415,1340251,188756,443330,208045,397976,209228
MT,156,1168,107,377,64,1946,9198,299,166,108,5220,156
X,198602,366931,241711,321782,174243,1358016,1385174,171138,422070,246762,368351,198823
Y,5783,12202,7846,9898,4717,42133,42393,4879,12153,7853,12053,5889
all,6962506,12841770,7046119,9364873,5937491,46016640,45821923,5924647,13862637,7042510,12824641,7016826
